[
	{
		"name": "default",
		"key": "1",
		"main": [35, 38, 50, 45, 51, 44, 46, 42],
		"toggles": [-1, 37, -1, -1, 49, -1, -1, -1]
	},
	{
		"name": "alts",
		"key": "2",
		"main": [36, 40, 50, 45, 59, 44, 46, 42],
		"toggles": [-1, 37, -1, -1, 57, -1, -1, -1]
	},
	{
		"name": "toms",
		"key": "3",
		"main": [35, 47, 45, 41, 48, 44, 50, 50],
		"toggles": [-1, -1, -1, -1, -1, -1, -1, -1]
	},
	{
		"name": "rick",
		"key": "r",
		"main": [35, 38, 45, 43, 51, 44, 46, 42],
		"toggles": [-1, 37, -1, -1, 49, -1, -1, -1]
	}
]