[
  {
    "tag": "kicks",
    "drums": [
      {
        "name": "Acoustic Bass Drum",
        "value": 35
      },
      {
        "name": "Bass Drum 1",
        "value": 36
      }
    ]
  },
  {
    "tag": "snares",
    "drums": [
      {
        "name": "Acoustic Snare",
        "value": 38
      },
      {
        "name": "Electric Snare",
        "value": 40
      },
      {
        "name": "Side Stick",
        "value": 37
      },
      {
        "name": "Hand Clap",
        "value": 39
      }
    ]
  },
  {
    "tag": "toms",
    "drums": [
      {
        "name": "High Tom",
        "value": 50
      },
      {
        "name": "Hi-Mid Tom",
        "value": 48
      },
      {
        "name": "Low-Mid Tom",
        "value": 47
      },
      {
        "name": "Low Tom",
        "value": 45
      },
      {
        "name": "High Floor Tom",
        "value": 43
      },
      {
        "name": "Low Floor Tom",
        "value": 41
      }
    ]
  },
  {
    "tag": "cymbals",
    "drums": [
      {
        "name": "Crash Cymbal 1",
        "value": 49
      },
      {
        "name": "Crash Cymbal 2",
        "value": 57
      },
      {
        "name": "Splash Cymbal",
        "value": 55
      },
      {
        "name": "Ride Cymbal 1",
        "value": 51
      },
      {
        "name": "Ride Cymbal 2",
        "value": 59
      },
      {
        "name": "Ride Bell",
        "value": 53
      },
      {
        "name": "Pedal Hi-Hat",
        "value": 44
      },
      {
        "name": "Closed Hi-Hat",
        "value": 42
      },
      {
        "name": "Open Hi-Hat",
        "value": 46
      },
      {
        "name": "Chinese Cymbal",
        "value": 52
      }
    ]
  },
  {
    "tag": "misc doubles",
    "drums": [
      {
        "name": "Hi Bongo",
        "value": 60
      },
      {
        "name": "Low Bongo",
        "value": 61
      },
      {
        "name": "Mute Hi Conga",
        "value": 62
      },
      {
        "name": "Open Hi Conga",
        "value": 63
      },
      {
        "name": "Low Conga",
        "value": 64
      },
      {
        "name": "High Timbale",
        "value": 65
      },
      {
        "name": "Low Timbale",
        "value": 66
      },
      {
        "name": "High Agogo",
        "value": 67
      },
      {
        "name": "Low Agogo",
        "value": 68
      },
      {
        "name": "Short Whistle",
        "value": 71
      },
      {
        "name": "Long Whistle",
        "value": 72
      },
      {
        "name": "Short Guiro",
        "value": 73
      },
      {
        "name": "Long Guiro",
        "value": 74
      },
      {
        "name": "Hi Wood Block",
        "value": 76
      },
      {
        "name": "Low Wood Block",
        "value": 77
      },
      {
        "name": "Mute Cuica",
        "value": 78
      },
      {
        "name": "Open Cuica",
        "value": 79
      },
      {
        "name": "Mute Triangle",
        "value": 80
      },
      {
        "name": "Open Triangle",
        "value": 81
      }
    ]
  },
  {
    "tag": "misc",
    "drums": [
      {
        "name": "Vibraslap",
        "value": 58
      },
      {
        "name": "Cabasa",
        "value": 69
      },
      {
        "name": "Maracas",
        "value": 70
      },
      {
        "name": "Claves",
        "value": 75
      },
      {
        "name": "Tambourine",
        "value": 54
      },
      {
        "name": "Cowbell",
        "value": 56
      }
    ]
  },
  {
    "tag": "empty",
    "drums": [{
      "name": "nothing",
      "value": 0
    }]
  }
]